id,gJAX00113489,ASY,inferred
78769,C,5,0
36332,C,8.6,0
76864,C,11.2,0
76881,C,11.8,0
76999,C,14.7,0
36327,C,14.9,0
29628,C,17.3,0
78825,C,17.6,0
76896,C,19.1,0
76325,C,19.2,0
29612,C,21.7,0
76375,C,22,0
76879,C,22,0
76934,C,22.1,0
36345,C,22.5,0
76882,C,24.6,0
78890,C,24.8,0
76285,C,25.6,0
76894,C,26.3,0
29888,C,32.5,0
29677,C,33.9,0
76866,C,36.7,0
78884,C,37.2,0
76944,C,41.4,0
76865,C,41.4,0
76901,C,42.4,0
36335,C,49,0
29697,C,52.2,0
76377,C,58.2,0
76903,C,63.2,0
76867,C,64.1,0
76392,C,66.9,0
85074,C,NA,0
85084,C,NA,0
86903,C,NA,0
86907,C,NA,0
86928,C,NA,0
86929,C,NA,0
86931,C,NA,0
86953,C,NA,0
86961,C,NA,0
86966,C,NA,0
86979,C,NA,0
86981,C,NA,0
86988,C,NA,0
86989,C,NA,0
86993,C,NA,0
86983,C,NA,0
78972,C,NA,0
82006,C,NA,0
82008,C,NA,0
82076,C,NA,0
82077,C,NA,0
82082,C,NA,0
84614,C,NA,0
84615,C,NA,0
84616,C,NA,0
84625,C,NA,0
84674,C,NA,0
87501,C,NA,0
85079,C,NA,0
85082,C,NA,0
85083,C,NA,0
86921,C,NA,0
86957,C,NA,0
82049,C,NA,0
82083,C,NA,0
84619,C,NA,0
84698,C,NA,0
76242,P,18.8,0
29629,P,21.7,0
78770,P,22,0
36319,P,23.3,0
76353,P,24.4,0
76802,P,24.8,0
76935,P,28.5,0
29700,P,28.8,0
36320,P,28.9,0
76347,P,29.4,0
76991,P,32,0
76291,P,33.1,0
76374,P,33.3,0
29699,P,33.3,0
76893,P,35,0
78856,P,35.4,0
76870,P,37.3,0
78885,P,38.1,0
29615,P,40.7,0
36344,P,40.7,0
76351,P,40.8,0
76393,P,41.5,0
29630,P,42.5,0
76936,P,43.4,0
76869,P,43.5,0
76243,P,45.1,0
76945,P,47.1,0
29680,P,47.2,0
76892,P,47.6,0
76350,P,47.7,0
76286,P,50.7,0
76327,P,52.8,0
78859,P,54,0
29900,P,54.7,0
76241,P,56.1,0
76880,P,57,0
76313,P,57.3,0
76992,P,61.9,0
78887,P,62,0
76293,P,65.5,0
29644,P,70.3,0
29641,P,71.2,0
36334,P,78.6,0
29679,P,87.2,0
78855,P,88.3,0
85075,P,NA,0
85080,P,NA,0
85081,P,NA,0
85086,P,NA,0
85087,P,NA,0
86901,P,NA,0
86905,P,NA,0
86922,P,NA,0
86932,P,NA,0
86933,P,NA,0
86954,P,NA,0
86956,P,NA,0
86958,P,NA,0
86978,P,NA,0
86984,P,NA,0
86986,P,NA,0
82071,P,NA,0
82072,P,NA,0
82075,P,NA,0
82080,P,NA,0
82084,P,NA,0
84617,P,NA,0
84650,P,NA,0
82004,P,NA,0
82081,P,NA,0
84626,P,NA,0
84653,P,NA,0
84654,P,NA,0
84700,P,NA,0
